status,ticker,entry_event_id,exit_event_id,entry_date,exit_date,hold_days,shares,entry_price,exit_price,gross_pnl,tax,net_pnl_after_tax,tax_allocation_method,pnl_pct,sim_sell_pnl_pct,exit_reason,partial_exit,exit_regime,exit_confidence,exit_signal_reason,exit_stop_loss_pct,exit_stop_n_sigma,exit_max_single_day_loss_pct,exit_sdl_n_sigma,exit_trailing_stop_trigger_pct,exit_trailing_stop_trail_pct,exit_atr_n_multiplier,exit_max_hold_days,entry_regime,entry_rank_score,entry_rs_score,entry_mu,entry_sigma,entry_sigma_mult,entry_thesis,outcome
closed,MS,0,5.0,2024-07-02,2024-08-05,34.0,59.0,99.66993152618409,92.05158569488526,-449.4824040466307,0.0,-449.4824040466307,positive_gross,-0.07643574862191438,-0.07643574862191437,stop_loss,False,BEAR,0.5,stop_loss loss=7.6% ≥ 5.0% (abs=5.0% / σN=0.0%),0.05,,0.0,,0.1,0.05,,500.0,BULL_CALM,0.6269427977136907,0.0,0.049421886954953455,0.201885435110876,,Trend/momentum continuation: cross-sectional rank should select relative winners while market volatility is benign.,loss
closed,XOM,1,50.0,2024-07-02,2024-11-05,126.0,58.0,114.20283630523681,118.93620708465576,274.535505206299,137.26775260314935,137.26775260314963,positive_gross,0.04144705098888947,0.039287500965628074,max_hold,False,CHOPPY,0.5,max_hold days=126,0.08,,0.06,,0.15,0.1,,40.0,BULL_CALM,0.6200651815818012,-0.006435711382558829,0.04698687666963634,0.181157506867246,,Trend/momentum continuation: cross-sectional rank should select relative winners while market volatility is benign.,win
closed,KMI,2,29.0,2024-07-05,2024-10-03,90.0,256.0,19.893977389526366,23.345330381393435,883.5463659179695,291.647296954489,591.8990689634805,positive_gross,0.17348732856628818,0.10566847816661123,qp_sell,True,BULL_CALM,0.7369682312321938,qp_dw=-0.0625,0.15,,0.0,3.0,0.12,0.25,,500.0,BULL_CALM,0.5983431724815267,0.0,0.039310491527358556,0.16365299065357564,,Trend/momentum continuation: cross-sectional rank should select relative winners while market volatility is benign.,win
closed,BAC,3,6.0,2024-07-17,2024-08-05,19.0,129.0,43.98879554214477,36.64267152557373,-947.649998137664,0.0,-947.649998137664,positive_gross,-0.16699988999546186,-0.16699988999546184,stop_loss,False,BEAR,0.5,stop_loss loss=16.7% ≥ 5.0% (abs=5.0% / σN=0.0%),0.05,,0.0,,0.1,0.05,,500.0,BULL_CALM,0.6105608117290012,0.0,0.04362565800474173,0.20608490244942987,,Trend/momentum continuation: cross-sectional rank should select relative winners while market volatility is benign.,loss
closed,DUK,4,14.0,2024-07-18,2024-09-04,48.0,46.0,106.93138566284179,117.03658555908203,464.8391952270509,89.79114781799308,375.0480474090578,positive_gross,0.0945017202723087,0.0345078444972509,qp_sell,True,BULL_CALM,0.7880129376974754,qp_dw=-0.0551,0.15,,0.0,3.0,0.12,0.25,,500.0,BULL_CALM,0.5825027631213668,0.0,0.03372315610483385,0.14371463012423236,,Trend/momentum continuation: cross-sectional rank should select relative winners while market volatility is benign.,win
closed,DUK,4,24.0,2024-07-18,2024-09-23,67.0,2.0,106.93138566284179,117.28653555908204,20.710299792480498,15.682710347501931,5.027589444978567,positive_gross,0.09683920050274464,0.048880159151812826,qp_sell,True,BULL_CALM,0.7395096899241274,qp_dw=-0.0778,0.15,,0.0,3.0,0.12,0.25,,500.0,BULL_CALM,0.5825027631213668,0.0,0.03372315610483385,0.14371463012423236,,Trend/momentum continuation: cross-sectional rank should select relative winners while market volatility is benign.,win
closed,DUK,8,24.0,2024-08-15,2024-09-23,39.0,50.0,113.13262261047363,117.28653555908204,207.6956474304204,157.27588261521947,50.41976481520092,positive_gross,0.03671719838857378,0.048880159151812826,qp_sell,True,BULL_CALM,0.7395096899241274,qp_dw=-0.0778,0.15,,0.0,3.0,0.12,0.25,,500.0,BULL_CALM,0.5182241293565519,0.0,0.011084132123010803,0.14373631076497886,1.0,Trend/momentum continuation: cross-sectional rank should select relative winners while market volatility is benign.,win
closed,KMI,7,29.0,2024-08-15,2024-10-03,49.0,16.0,21.114222610473632,23.345330381393435,35.69772433471684,11.783359890603913,23.914364444112927,positive_gross,0.10566847816661123,0.10566847816661123,qp_sell,True,BULL_CALM,0.7369682312321938,qp_dw=-0.0625,0.15,,0.0,3.0,0.12,0.25,,500.0,BULL_CALM,0.6060856865710816,0.0,0.04204441571009098,0.16152129641217394,1.0,Trend/momentum continuation: cross-sectional rank should select relative winners while market volatility is benign.,win
closed,KMI,7,51.0,2024-08-15,2024-11-05,82.0,258.0,21.114222610473632,24.705057084655763,926.4352943389898,619.2035605395305,307.23173379945933,positive_gross,0.17006709365661946,0.24038408072952322,max_hold,False,CHOPPY,0.5,max_hold days=123,0.08,,0.06,,0.15,0.1,,40.0,BULL_CALM,0.6060856865710816,0.0,0.04204441571009098,0.16152129641217394,1.0,Trend/momentum continuation: cross-sectional rank should select relative winners while market volatility is benign.,win
closed,GS,9,53.0,2024-08-19,2024-11-05,78.0,11.0,504.7809286743164,526.8546299682617,242.81071423339898,121.40535711669958,121.4053571166994,positive_gross,0.04372926955048904,0.05170975050537462,max_hold,False,CHOPPY,0.5,max_hold days=78,0.08,,0.06,,0.15,0.1,,40.0,BULL_CALM,0.6275879575769301,0.014868139009091008,0.04965040119898764,0.25018383200424654,,Trend/momentum continuation: cross-sectional rank should select relative winners while market volatility is benign.,win
closed,GS,10,53.0,2024-08-20,2024-11-05,77.0,12.0,497.4394643371582,526.8546299682617,352.9819875732426,176.49099378662143,176.49099378662115,positive_gross,0.05913315637370966,0.05170975050537462,max_hold,False,CHOPPY,0.5,max_hold days=78,0.08,,0.06,,0.15,0.1,,40.0,BULL_CALM,0.6129328100993902,0.0,0.04446414337520249,0.2514136858112561,1.0,Trend/momentum continuation: cross-sectional rank should select relative winners while market volatility is benign.,win
closed,XOM,11,50.0,2024-08-22,2024-11-05,75.0,44.0,114.75294935760498,118.93620708465576,184.06333999023462,92.03166999511723,92.0316699951174,positive_gross,0.03645446805915627,0.039287500965628074,max_hold,False,CHOPPY,0.5,max_hold days=126,0.08,,0.06,,0.15,0.1,,40.0,BULL_CALM,0.5678680372250333,0.0,0.028566436031326862,0.18116210385847328,1.0,Trend/momentum continuation: cross-sectional rank should select relative winners while market volatility is benign.,win
closed,D,12,38.0,2024-08-28,2024-10-16,49.0,91.0,56.16123152618408,60.537889237213136,398.2758517036439,199.13792585182188,199.13792585182205,positive_gross,0.077930230375887,0.07812084230641962,qp_sell,True,BULL_CALM,0.7215536283882673,qp_dw=-0.0785,0.15,,0.0,3.0,0.12,0.25,,500.0,BULL_CALM,0.5928156121439943,0.0,0.03735994376234477,0.20736500425804186,,Trend/momentum continuation: cross-sectional rank should select relative winners while market volatility is benign.,win
closed,D,13,38.0,2024-08-29,2024-10-16,48.0,45.0,56.13122293167114,60.537889237213136,198.29998374938984,99.14999187469488,99.14999187469496,positive_gross,0.07850650806069656,0.07812084230641962,qp_sell,True,BULL_CALM,0.7215536283882673,qp_dw=-0.0785,0.15,,0.0,3.0,0.12,0.25,,500.0,BULL_CALM,0.5928156121439943,0.0,0.03735994376234477,0.20669923579104746,1.0,Trend/momentum continuation: cross-sectional rank should select relative winners while market volatility is benign.,win
closed,D,13,43.0,2024-08-29,2024-10-24,56.0,76.0,56.13122293167114,60.75784645767212,351.62338797607475,154.69152289641917,196.93186507965558,positive_gross,0.08242513318537525,0.0648537702789242,qp_sell,True,BULL_CALM,0.7085220923987327,qp_dw=-0.0504,0.15,,0.0,3.0,0.12,0.25,,500.0,BULL_CALM,0.5928156121439943,0.0,0.03735994376234477,0.20669923579104746,1.0,Trend/momentum continuation: cross-sectional rank should select relative winners while market volatility is benign.,win
closed,LMT,15,27.0,2024-09-11,2024-10-01,20.0,9.0,567.0734139770508,605.7388133544922,347.98859439697276,168.09812918701164,179.89046520996112,positive_gross,0.06818411589122073,0.06572169743546548,qp_sell,True,BULL_CALM,0.7429230906115291,qp_dw=-0.0574,0.15,,0.0,3.0,0.12,0.25,,500.0,BULL_CALM,0.5868091763180113,-0.013092371953402848,0.03524146439825595,0.1633120793158026,,Trend/momentum continuation: cross-sectional rank should select relative winners while market volatility is benign.,win
closed,NEM,16,55.0,2024-09-11,2024-11-05,55.0,107.0,50.75014967880249,45.9908,-509.2504156318661,0.0,-509.2504156318661,positive_gross,-0.09378001264871913,-0.11178322960858052,stop_loss,False,CHOPPY,0.5,stop_loss loss=11.2% ≥ 8.0% (abs=8.0% / σN=0.0%),0.08,,0.06,,0.15,0.1,,40.0,BULL_CALM,0.6172193154018726,0.0,0.04597999810710743,0.28008085375354774,,Trend/momentum continuation: cross-sectional rank should select relative winners while market volatility is benign.,loss
closed,LMT,19,32.0,2024-09-12,2024-10-08,26.0,9.0,568.3836735351563,607.9283777954101,355.9023383422848,38.20325447387677,317.699083868408,positive_gross,0.06957396227498766,0.014162601071574622,qp_sell,True,BULL_CALM,0.7183927055639264,qp_dw=-0.0555,0.15,,0.0,3.0,0.12,0.25,,500.0,BULL_CALM,0.5838946161117432,0.0,0.03421384563782058,0.16327383284306798,1.0,Trend/momentum continuation: cross-sectional rank should select relative winners while market volatility is benign.,win
closed,LMT,19,36.0,2024-09-12,2024-10-14,32.0,1.0,568.3836735351563,610.7478211181641,42.36414758300782,37.3948211737529,4.9693264092549185,positive_gross,0.07453442024384162,0.03520883921030473,qp_sell,True,BULL_CALM,0.737433357922034,qp_dw=-0.0747,0.15,,0.0,3.0,0.12,0.25,,500.0,BULL_CALM,0.5838946161117432,0.0,0.03421384563782058,0.16327383284306798,1.0,Trend/momentum continuation: cross-sectional rank should select relative winners while market volatility is benign.,win
closed,BAC,17,56.0,2024-09-12,2024-11-05,54.0,128.0,38.78775477905273,41.87162506790161,394.7353969726564,197.36769848632795,197.36769848632846,positive_gross,0.07950628507413163,0.08149768385791441,max_hold,False,CHOPPY,0.5,max_hold days=54,0.08,,0.06,,0.15,0.1,,40.0,BULL_CALM,0.5968697635213397,0.0,0.03879043246165898,0.24711744744386224,,Trend/momentum continuation: cross-sectional rank should select relative winners while market volatility is benign.,win
closed,NEM,20,55.0,2024-09-12,2024-11-05,54.0,99.0,52.89057706832886,45.9908,-683.0779297645571,0.0,-683.0779297645571,positive_gross,-0.1304538057774469,-0.11178322960858052,stop_loss,False,CHOPPY,0.5,stop_loss loss=11.2% ≥ 8.0% (abs=8.0% / σN=0.0%),0.08,,0.06,,0.15,0.1,,40.0,BULL_CALM,0.6135338024547357,0.0,0.04467660318165542,0.29088822429480976,1.0,Trend/momentum continuation: cross-sectional rank should select relative winners while market volatility is benign.,loss
closed,PM,18,57.0,2024-09-12,2024-11-05,54.0,41.0,124.67493152618408,132.16356444091798,307.03394950408983,153.51697475204492,153.51697475204492,positive_gross,0.06006526591242719,0.055721484809771606,max_hold,False,CHOPPY,0.5,max_hold days=54,0.08,,0.06,,0.15,0.1,,40.0,BULL_CALM,0.5749111833121779,0.0,0.031047691013275945,0.16176929833912296,,Trend/momentum continuation: cross-sectional rank should select relative winners while market volatility is benign.,win
closed,BAC,21,56.0,2024-09-13,2024-11-05,53.0,156.0,38.65773152618408,41.87162506790161,501.36739250793494,250.68369625396716,250.68369625396778,positive_gross,0.08313714785723167,0.08149768385791441,max_hold,False,CHOPPY,0.5,max_hold days=54,0.08,,0.06,,0.15,0.1,,40.0,BULL_CALM,0.5976914993232881,0.0,0.03908047491759666,0.24584987561002442,1.0,Trend/momentum continuation: cross-sectional rank should select relative winners while market volatility is benign.,win
closed,PM,22,57.0,2024-09-13,2024-11-05,53.0,46.0,125.64512674713134,132.16356444091798,299.8481339141853,149.92406695709266,149.92406695709266,positive_gross,0.05187974943831606,0.055721484809771606,max_hold,False,CHOPPY,0.5,max_hold days=54,0.08,,0.06,,0.15,0.1,,40.0,BULL_CALM,0.5736879031366826,0.0,0.030616664103724878,0.16026840087995253,1.0,Trend/momentum continuation: cross-sectional rank should select relative winners while market volatility is benign.,win
closed,DUK,23,24.0,2024-09-20,2024-09-23,3.0,15.0,116.39327674713134,117.28653555908204,13.398882179260525,10.146197317430557,3.2526848618299677,positive_gross,0.007674488053904859,0.048880159151812826,qp_sell,True,BULL_CALM,0.7395096899241274,qp_dw=-0.0778,0.15,,0.0,3.0,0.12,0.25,,500.0,BULL_CALM,0.5017087769589378,0.0,0.0052623608397631225,0.14373631076497886,1.0,Trend/momentum continuation: cross-sectional rank should select relative winners while market volatility is benign.,win
closed,DUK,23,26.0,2024-09-20,2024-09-26,6.0,17.0,116.39327674713134,115.14696416931153,-21.18731382293673,0.0,-21.18731382293673,positive_gross,-0.010707771210251838,-0.009345664844622832,qp_sell,True,BULL_CALM,0.7391454909505326,qp_dw=-0.0606,0.15,,0.0,3.0,0.12,0.25,,500.0,BULL_CALM,0.5017087769589378,0.0,0.0052623608397631225,0.14373631076497886,1.0,Trend/momentum continuation: cross-sectional rank should select relative winners while market volatility is benign.,loss
closed,DUK,25,26.0,2024-09-25,2024-09-26,1.0,35.0,116.23324108428955,115.14696416931153,-38.01969202423052,0.0,-38.01969202423052,positive_gross,-0.00934566484462283,-0.009345664844622832,qp_sell,True,BULL_CALM,0.7391454909505326,qp_dw=-0.0606,0.15,,0.0,3.0,0.12,0.25,,500.0,BULL_CALM,0.5014315298215111,0.0,0.005164573350872355,0.14373631076497886,1.0,Trend/momentum continuation: cross-sectional rank should select relative winners while market volatility is benign.,loss
closed,DUK,25,35.0,2024-09-25,2024-10-11,16.0,31.0,116.23324108428955,114.14716416931152,-64.6683843643187,0.0,-64.6683843643187,positive_gross,-0.017947334992278585,0.019202379865472432,qp_sell,True,BULL_CALM,0.7355782447343497,qp_dw=-0.0534,0.15,,0.0,3.0,0.12,0.25,,500.0,BULL_CALM,0.5014315298215111,0.0,0.005164573350872355,0.14373631076497886,1.0,Trend/momentum continuation: cross-sectional rank should select relative winners while market volatility is benign.,loss
closed,LMT,28,36.0,2024-10-02,2024-10-14,12.0,8.0,603.3206522094727,610.7478211181641,59.41735126953154,52.44767927853675,6.96967199099479,positive_gross,0.01231048345766346,0.03520883921030473,qp_sell,True,BULL_CALM,0.737433357922034,qp_dw=-0.0747,0.15,,0.0,3.0,0.12,0.25,,500.0,BULL_CALM,0.5506857051153744,0.0,0.02251569810633381,0.16327383284306798,1.0,Trend/momentum continuation: cross-sectional rank should select relative winners while market volatility is benign.,win
closed,MSFT,30,71.0,2024-10-04,2024-12-18,75.0,12.0,416.14320955810547,437.3025366455078,253.91192504882815,126.95596252441413,126.95596252441402,positive_gross,0.05084626302053812,0.050762082907617384,max_hold,False,CHOPPY,0.5,max_hold days=75,0.08,,0.06,,0.15,0.1,,40.0,BULL_CALM,0.5958597369463182,-0.0690479422799164,0.03843401934177123,0.19724186571124,,Trend/momentum continuation: cross-sectional rank should select relative winners while market volatility is benign.,win
closed,DUK,31,35.0,2024-10-07,2024-10-11,4.0,17.0,110.25204935760497,114.14716416931152,66.21695179901133,51.61441339416524,14.602538404846086,positive_gross,0.03532918285330604,0.019202379865472432,qp_sell,True,BULL_CALM,0.7355782447343497,qp_dw=-0.0534,0.15,,0.0,3.0,0.12,0.25,,500.0,BULL_CALM,0.5098327460660097,0.0,0.008126890036835718,0.14373631076497886,1.0,Trend/momentum continuation: cross-sectional rank should select relative winners while market volatility is benign.,win
closed,DUK,31,48.0,2024-10-07,2024-11-01,25.0,51.0,110.25204935760497,112.65746430511474,122.67616232299821,0.0,122.67616232299821,positive_gross,0.021817417104944253,-0.004719741643194158,qp_sell,True,BULL_CALM,0.7162158099693808,qp_dw=-0.0720,0.15,,0.0,3.0,0.12,0.25,,500.0,BULL_CALM,0.5098327460660097,0.0,0.008126890036835718,0.14373631076497886,1.0,Trend/momentum continuation: cross-sectional rank should select relative winners while market volatility is benign.,win
closed,KMI,33,51.0,2024-10-09,2024-11-05,27.0,1.0,23.484695542144774,24.705057084655763,1.2203615425109895,0.8156556824699507,0.4047058600410388,positive_gross,0.05196412022122975,0.24038408072952322,max_hold,False,CHOPPY,0.5,max_hold days=123,0.08,,0.06,,0.15,0.1,,40.0,BULL_CALM,0.507684914739517,0.0,0.0073697158099767755,0.16152129641217394,1.0,Trend/momentum continuation: cross-sectional rank should select relative winners while market volatility is benign.,win
closed,LMT,34,36.0,2024-10-10,2024-10-14,4.0,3.0,597.6094882324219,610.7478211181641,39.41499865722665,34.791608245220225,4.623390412006422,positive_gross,0.02198481306681072,0.03520883921030473,qp_sell,True,BULL_CALM,0.737433357922034,qp_dw=-0.0747,0.15,,0.0,3.0,0.12,0.25,,500.0,BULL_CALM,0.566159431679352,0.0,0.02796463341558892,0.16327383284306798,1.0,Trend/momentum continuation: cross-sectional rank should select relative winners while market volatility is benign.,win
closed,LMT,34,41.0,2024-10-10,2024-10-18,8.0,6.0,597.6094882324219,611.6876355590821,84.4688839599612,39.387634587864866,45.08124937209634,positive_gross,0.02355743609141784,0.017963491515359212,qp_sell,True,BULL_CALM,0.7098998956499658,qp_dw=-0.0569,0.15,,0.0,3.0,0.12,0.25,,500.0,BULL_CALM,0.566159431679352,0.0,0.02796463341558892,0.16327383284306798,1.0,Trend/momentum continuation: cross-sectional rank should select relative winners while market volatility is benign.,win
closed,LMT,37,41.0,2024-10-15,2024-10-18,3.0,3.0,605.121,611.6876355590821,19.699906677246304,9.186018439479012,10.513888237767292,positive_gross,0.010851772718319315,0.017963491515359212,qp_sell,True,BULL_CALM,0.7098998956499658,qp_dw=-0.0569,0.15,,0.0,3.0,0.12,0.25,,500.0,BULL_CALM,0.5201084813894771,0.0,0.011748009542400344,0.16327383284306798,1.0,Trend/momentum continuation: cross-sectional rank should select relative winners while market volatility is benign.,win
closed,LMT,37,54.0,2024-10-15,2024-11-05,21.0,5.0,605.121,546.64065,-292.40174999999965,0.0,-292.40174999999965,positive_gross,-0.09664240705577881,-0.04842367422491079,max_hold,False,CHOPPY,0.5,max_hold days=55,0.08,,0.06,,0.15,0.1,,40.0,BULL_CALM,0.5201084813894771,0.0,0.011748009542400344,0.16327383284306798,1.0,Trend/momentum continuation: cross-sectional rank should select relative winners while market volatility is benign.,loss
closed,MSFT,39,71.0,2024-10-16,2024-12-18,63.0,15.0,416.2032191162109,437.3025366455078,316.48976293945367,158.2448814697269,158.24488146972678,positive_gross,0.05069474852717472,0.050762082907617384,max_hold,False,CHOPPY,0.5,max_hold days=75,0.08,,0.06,,0.15,0.1,,40.0,BULL_CALM,0.5801943686947,0.0,0.032909498303431976,0.1993894736684097,1.0,Trend/momentum continuation: cross-sectional rank should select relative winners while market volatility is benign.,win
closed,D,40,43.0,2024-10-17,2024-10-24,7.0,10.0,59.75194967880249,60.75784645767212,10.058967788696336,4.425294503178322,5.633673285518014,positive_gross,0.016834543212009768,0.0648537702789242,qp_sell,True,BULL_CALM,0.7085220923987327,qp_dw=-0.0504,0.15,,0.0,3.0,0.12,0.25,,500.0,BULL_CALM,0.516195352250693,0.0,0.010369279177681429,0.20669923579104746,1.0,Trend/momentum continuation: cross-sectional rank should select relative winners while market volatility is benign.,win
closed,D,40,45.0,2024-10-17,2024-10-28,11.0,12.0,59.75194967880249,60.10797493209839,4.2723030395507635,3.9296558115124873,0.3426472280382762,positive_gross,0.005958387219324492,0.015464229383948194,panel_conviction,False,BULL_CALM,0.6697150542454713,panel_conviction[xs] panel=-0.380 (thr=+0.060 of 31) mu=-0.0088,0.15,,0.0,3.0,0.12,0.25,,500.0,BULL_CALM,0.516195352250693,0.0,0.010369279177681429,0.20669923579104746,1.0,Trend/momentum continuation: cross-sectional rank should select relative winners while market volatility is benign.,win
closed,LMT,42,54.0,2024-10-22,2024-11-05,14.0,14.0,577.0953764648438,546.64065,-426.36617050781183,0.0,-426.36617050781183,positive_gross,-0.052772431918277525,-0.04842367422491079,max_hold,False,CHOPPY,0.5,max_hold days=55,0.08,,0.06,,0.15,0.1,,40.0,BULL_CALM,0.5757402983173295,0.0,0.031339835498851935,0.16327383284306798,1.0,Trend/momentum continuation: cross-sectional rank should select relative winners while market volatility is benign.,loss
closed,D,44,45.0,2024-10-25,2024-10-28,3.0,92.0,59.5919178314209,60.10797493209839,47.4772532623287,43.66948282221527,3.80777044011343,positive_gross,0.00865985052096084,0.015464229383948194,panel_conviction,False,BULL_CALM,0.6697150542454713,panel_conviction[xs] panel=-0.380 (thr=+0.060 of 31) mu=-0.0088,0.15,,0.0,3.0,0.12,0.25,,500.0,BULL_CALM,0.5653446108946624,0.0,0.027677638397444825,0.20669923579104746,1.0,Trend/momentum continuation: cross-sectional rank should select relative winners while market volatility is benign.,win
closed,DUK,46,48.0,2024-10-29,2024-11-01,3.0,13.0,114.4328856628418,112.65746430511474,-23.080477650451712,0.0,-23.080477650451712,positive_gross,-0.015514957500574179,-0.004719741643194158,qp_sell,True,BULL_CALM,0.7162158099693808,qp_dw=-0.0720,0.15,,0.0,3.0,0.12,0.25,,500.0,BULL_CALM,0.505171401334362,0.0,0.0064834964800161545,0.14373631076497886,1.0,Trend/momentum continuation: cross-sectional rank should select relative winners while market volatility is benign.,loss
closed,DUK,46,52.0,2024-10-29,2024-11-05,7.0,32.0,114.4328856628418,114.05718583068848,-12.022394628906113,0.0,-12.022394628906113,positive_gross,-0.00328314566199314,0.05133509506586697,max_hold,False,CHOPPY,0.5,max_hold days=110,0.08,,0.06,,0.15,0.1,,40.0,BULL_CALM,0.505171401334362,0.0,0.0064834964800161545,0.14373631076497886,1.0,Trend/momentum continuation: cross-sectional rank should select relative winners while market volatility is benign.,loss
closed,WMT,47,72.0,2024-10-30,2024-12-18,49.0,63.0,81.40627738952637,93.53129305114746,763.8759866821288,381.9379933410648,381.937993341064,positive_gross,0.14894448008724548,0.14689482162077674,max_hold,False,CHOPPY,0.5,max_hold days=49,0.08,,0.06,,0.15,0.1,,40.0,BULL_CALM,0.5931944399747819,0.0014238716006824692,0.037493586454504874,0.19909538167637314,,Trend/momentum continuation: cross-sectional rank should select relative winners while market volatility is benign.,win
closed,WMT,49,72.0,2024-11-01,2024-12-18,47.0,14.0,82.20644044189453,93.53129305114746,158.547936529541,79.27396826477057,79.27396826477043,positive_gross,0.13776113584747177,0.14689482162077674,max_hold,False,CHOPPY,0.5,max_hold days=49,0.08,,0.06,,0.15,0.1,,40.0,BULL_CALM,0.5863001782366423,0.0,0.03506198292189411,0.19662304508205605,1.0,Trend/momentum continuation: cross-sectional rank should select relative winners while market volatility is benign.,win
closed,D,58,73.0,2024-11-07,2024-12-18,41.0,119.0,56.641327068328856,52.61947506790161,-478.6003880508421,0.0,-478.6003880508421,positive_gross,-0.0710056103660056,-0.0710056103660056,max_hold,False,CHOPPY,0.5,max_hold days=41,0.08,,0.06,,0.15,0.1,,40.0,BULL_CALM,0.5987317676667772,0.0,0.039447651307458635,0.19894313499535568,,Trend/momentum continuation: cross-sectional rank should select relative winners while market volatility is benign.,loss
closed,HD,59,74.0,2024-11-08,2024-12-18,40.0,12.0,405.9811738952637,393.7412433227539,-146.87916687011716,0.0,-146.87916687011716,positive_gross,-0.0301490102486069,-0.031223035092880925,max_hold,False,CHOPPY,0.5,max_hold days=40,0.08,,0.06,,0.15,0.1,,40.0,BULL_CALM,0.5816862014435185,-0.10887935556357808,0.03343533404689774,0.18030292702247394,,Trend/momentum continuation: cross-sectional rank should select relative winners while market volatility is benign.,loss
closed,XOM,60,75.0,2024-11-11,2024-12-18,37.0,50.0,120.49409522094726,106.39871416931153,-704.7690525817864,0.0,-704.7690525817864,positive_gross,-0.11697984889458152,-0.11697984889458152,stop_loss,False,CHOPPY,0.5,stop_loss loss=11.7% ≥ 8.0% (abs=8.0% / σN=0.0%),0.08,,0.06,,0.15,0.1,,40.0,BULL_CALM,0.5920706597438187,-0.04537097454845951,0.03709713982821035,0.22818425739477902,,Trend/momentum continuation: cross-sectional rank should select relative winners while market volatility is benign.,loss
closed,BAC,61,76.0,2024-11-12,2024-12-23,41.0,119.0,45.86917261047363,43.88122138977051,-236.56619526367177,0.0,-236.56619526367177,positive_gross,-0.043339591877643795,-0.0547324154132161,max_hold,False,CHOPPY,0.0,max_hold days=41,0.08,,0.06,,0.15,0.1,,40.0,BULL_CALM,0.6167460296956673,0.0,0.04581256263015122,0.2715690413212912,,Trend/momentum continuation: cross-sectional rank should select relative winners while market volatility is benign.,loss
closed,DUK,62,86.0,2024-11-14,2025-04-07,144.0,49.0,110.70213630523682,116.8366286102295,300.59012294464117,150.295061472321,150.29506147232016,positive_gross,0.055414398581055034,0.04025956179638196,trailing_stop,False,BEAR,1.0,trailing_stop trail_floor=117.85 (trail_pct=5.0%),0.05,,0.0,,0.1,0.05,,500.0,BULL_CALM,0.5854777103313216,0.0,0.034771966595093504,0.17540388373829766,,Trend/momentum continuation: cross-sectional rank should select relative winners while market volatility is benign.,win
closed,GILD,63,83.0,2024-11-15,2025-03-14,119.0,63.0,88.41768152618408,111.41771444091798,1449.0020736282352,724.5010368141179,724.5010368141172,positive_gross,0.2601293374552311,0.2601293374552311,trailing_stop,False,BEAR,1.0,trailing_stop trail_floor=111.54 (trail_pct=5.0%),0.05,,0.0,,0.1,0.05,,500.0,BULL_CALM,0.6028255144044966,0.0,0.04089294416177752,0.23237792899481227,,Trend/momentum continuation: cross-sectional rank should select relative winners while market volatility is benign.,win
closed,HD,64,74.0,2024-11-19,2024-12-18,29.0,12.0,406.88134779052734,393.7412433227539,-157.68125361328111,0.0,-157.68125361328111,positive_gross,-0.03229468379203826,-0.031223035092880925,max_hold,False,CHOPPY,0.5,max_hold days=40,0.08,,0.06,,0.15,0.1,,40.0,BULL_CALM,0.5907023905601104,0.0,0.036614474228043085,0.18033411567931368,1.0,Trend/momentum continuation: cross-sectional rank should select relative winners while market volatility is benign.,loss
closed,JNJ,65,84.0,2024-12-03,2025-04-01,119.0,38.0,152.39047261047364,153.21935,31.497340802001474,15.748670401000709,15.748670401000766,positive_gross,0.005439168048550213,0.014367878159657033,trailing_stop,False,BEAR,0.6473176564529018,trailing_stop trail_floor=159.31 (trail_pct=5.0%),0.05,,0.0,,0.1,0.05,,500.0,BULL_CALM,0.5702775449605808,-0.037499465632296,0.029415203701588902,0.12430059586169226,,Trend/momentum continuation: cross-sectional rank should select relative winners while market volatility is benign.,win
closed,BAC,67,76.0,2024-12-05,2024-12-23,18.0,112.0,47.0094,43.88122138977051,-350.3560043457029,0.0,-350.3560043457029,positive_gross,-0.06654368297041635,-0.0547324154132161,max_hold,False,CHOPPY,0.0,max_hold days=41,0.08,,0.06,,0.15,0.1,,40.0,BULL_CALM,0.606163438739161,0.0,0.04207188387373899,0.26562025684004054,1.0,Trend/momentum continuation: cross-sectional rank should select relative winners while market volatility is benign.,loss
closed,LMT,66,77.0,2024-12-05,2024-12-24,19.0,10.0,517.5834764648438,488.03237888183594,-295.51097583007845,0.0,-295.51097583007845,positive_gross,-0.05709436047851706,-0.053022702740315744,stop_loss,False,BEAR,0.5,stop_loss loss=5.3% ≥ 5.0% (abs=5.0% / σN=0.0%),0.05,,0.0,,0.1,0.05,,500.0,BULL_CALM,0.6020674714711811,-0.05862449977444195,0.04062527278530268,0.22086704691670195,,Trend/momentum continuation: cross-sectional rank should select relative winners while market volatility is benign.,loss
closed,JNJ,69,84.0,2024-12-05,2025-04-01,117.0,34.0,149.54990827331542,153.21935,124.7610187072753,62.380509353637535,62.38050935363776,positive_gross,0.0245365695576245,0.014367878159657033,trailing_stop,False,BEAR,0.6473176564529018,trailing_stop trail_floor=159.31 (trail_pct=5.0%),0.05,,0.0,,0.1,0.05,,500.0,BULL_CALM,0.5680742919405259,0.0,0.02863908733000773,0.12563373521716487,1.0,Trend/momentum continuation: cross-sectional rank should select relative winners while market volatility is benign.,win
closed,DUK,68,86.0,2024-12-05,2025-04-07,123.0,46.0,114.03280413665772,116.8366286102295,128.97592578430186,64.48796289215112,64.48796289215075,positive_gross,0.02458787622385973,0.04025956179638196,trailing_stop,False,BEAR,1.0,trailing_stop trail_floor=117.85 (trail_pct=5.0%),0.05,,0.0,,0.1,0.05,,500.0,BULL_CALM,0.582555348297786,0.0,0.03374169469751393,0.17728442309103937,1.0,Trend/momentum continuation: cross-sectional rank should select relative winners while market volatility is benign.,win
closed,LMT,70,77.0,2024-12-06,2024-12-24,18.0,10.0,513.1326353027343,488.03237888183594,-251.00256420898404,0.0,-251.00256420898404,positive_gross,-0.048915728008782626,-0.053022702740315744,stop_loss,False,BEAR,0.5,stop_loss loss=5.3% ≥ 5.0% (abs=5.0% / σN=0.0%),0.05,,0.0,,0.1,0.05,,500.0,BULL_CALM,0.6077434197659186,0.0,0.04263005708582765,0.22121050884709662,1.0,Trend/momentum continuation: cross-sectional rank should select relative winners while market volatility is benign.,loss
closed,WMT,78,81.0,2025-01-03,2025-02-27,55.0,57.0,90.79815477905274,96.77064291534424,340.4318237686157,170.21591188430784,170.21591188430784,positive_gross,0.06577763778157047,0.06577763778157047,trailing_stop,False,BEAR,0.5,trailing_stop trail_floor=99.80 (trail_pct=5.0%),0.05,,0.0,,0.1,0.05,,500.0,BULL_CALM,0.5915776785871508,-0.0376626704119053,0.03692322618299499,0.17281178224823893,,Trend/momentum continuation: cross-sectional rank should select relative winners while market volatility is benign.,win
closed,TJX,79,82.0,2025-01-15,2025-03-13,57.0,41.0,119.13382261047363,112.78743555908203,-260.2018691070557,0.0,-260.2018691070557,positive_gross,-0.053271077115875747,-0.053271077115875747,stop_loss,False,BEAR,1.0,stop_loss loss=5.3% ≥ 5.0% (abs=5.0% / σN=0.0%),0.05,,0.0,,0.1,0.05,,500.0,BULL_CALM,0.5768872930962301,0.0,0.03174399940329824,0.1445848001596718,,Trend/momentum continuation: cross-sectional rank should select relative winners while market volatility is benign.,loss
closed,XOM,80,85.0,2025-01-17,2025-04-04,77.0,65.0,112.34246369476318,104.31912833862305,-521.5167981491089,0.0,-521.5167981491089,positive_gross,-0.07141854551044659,-0.07141854551044659,stop_loss,False,BEAR,1.0,stop_loss loss=7.1% ≥ 5.0% (abs=5.0% / σN=0.0%),0.05,,0.0,,0.1,0.05,,500.0,BULL_CALM,0.6049143362884793,-0.04495947232907027,0.04163064930276294,0.17230601406080728,,Trend/momentum continuation: cross-sectional rank should select relative winners while market volatility is benign.,loss
closed,D,87,107.0,2025-06-26,2025-07-14,18.0,88.0,55.191036305236814,57.188560762786864,175.78215226440437,57.52506456909168,118.25708769531269,positive_gross,0.03619291448891519,0.023395855214319465,qp_sell,True,BULL_CALM,0.5706540064631193,qp_dw=-0.0514,0.15,,0.0,3.0,0.12,0.25,,500.0,BULL_CALM,0.6059843231708293,0.0,0.04200860620747743,0.2678385834654924,,Trend/momentum continuation: cross-sectional rank should select relative winners while market volatility is benign.,win
closed,D,87,115.0,2025-06-26,2025-08-06,41.0,2.0,55.191036305236814,60.95780722045899,11.53354183044435,6.228935374674201,5.304606455770148,positive_gross,0.10448745487090978,0.09904558718739258,max_hold,False,CHOPPY,0.5,max_hold days=41,0.08,,0.06,,0.15,0.1,,40.0,BULL_CALM,0.6059843231708293,0.0,0.04200860620747743,0.2678385834654924,,Trend/momentum continuation: cross-sectional rank should select relative winners while market volatility is benign.,win
closed,D,88,115.0,2025-06-27,2025-08-06,40.0,147.0,55.88117293167114,60.95780722045899,746.2652404518141,403.0364673295648,343.22877312224927,positive_gross,0.09084695296205253,0.09904558718739258,max_hold,False,CHOPPY,0.5,max_hold days=41,0.08,,0.06,,0.15,0.1,,40.0,BULL_CALM,0.5970523954094746,0.0,0.038854894787922,0.26899854146147417,1.0,Trend/momentum continuation: cross-sectional rank should select relative winners while market volatility is benign.,win
closed,BAC,89,96.0,2025-07-01,2025-07-07,6.0,106.0,48.15963152618408,48.65026784744263,52.00745005340619,0.0,52.00745005340619,positive_gross,0.010187709201881938,-0.0014259771357719175,qp_sell,True,BULL_CALM,0.6104102662249805,qp_dw=-0.0523,0.15,,0.0,3.0,0.12,0.25,,500.0,BULL_CALM,0.6196317504579083,0.0,0.04683348144632523,0.30552508596304623,,Trend/momentum continuation: cross-sectional rank should select relative winners while market volatility is benign.,win
closed,BAC,89,103.0,2025-07-01,2025-07-11,10.0,8.0,48.15963152618408,46.72065354232788,-11.511823870849582,0.0,-11.511823870849582,positive_gross,-0.029879339568323626,-0.037412526647410856,qp_sell,True,BULL_CALM,0.5907005666073726,qp_dw=-0.0509,0.15,,0.0,3.0,0.12,0.25,,500.0,BULL_CALM,0.6196317504579083,0.0,0.04683348144632523,0.30552508596304623,,Trend/momentum continuation: cross-sectional rank should select relative winners while market volatility is benign.,loss
closed,KMI,90,97.0,2025-07-02,2025-07-07,5.0,202.0,28.5057,28.324333923721316,-36.63594740829443,0.0,-36.63594740829443,positive_gross,-0.006362449484793753,-0.006362449484793629,qp_sell,True,BULL_CALM,0.6104102662249805,qp_dw=-0.0582,0.15,,0.0,3.0,0.12,0.25,,500.0,BULL_CALM,0.5989476279205108,0.0,0.039523842022264756,0.24879382912338396,,Trend/momentum continuation: cross-sectional rank should select relative winners while market volatility is benign.,loss
closed,WFC,91,98.0,2025-07-02,2025-07-07,5.0,65.0,82.37647261047363,82.32352833862305,-3.441377670287551,0.0,-3.441377670287551,positive_gross,-0.0006427110820941633,-0.01546568866605101,qp_sell,True,BULL_CALM,0.6104102662249805,qp_dw=-0.0560,0.15,,0.0,3.0,0.12,0.25,,500.0,BULL_CALM,0.5938530659392333,0.0,0.03772593619193792,0.27761084204307235,,Trend/momentum continuation: cross-sectional rank should select relative winners while market volatility is benign.,loss
closed,BAC,92,103.0,2025-07-02,2025-07-11,9.0,99.0,48.71974108428955,46.72065354232788,-197.90966665420547,0.0,-197.90966665420547,positive_gross,-0.04103239256758507,-0.037412526647410856,qp_sell,True,BULL_CALM,0.5907005666073726,qp_dw=-0.0509,0.15,,0.0,3.0,0.12,0.25,,500.0,BULL_CALM,0.6315337390432753,0.0,0.05104871976571885,0.2555889748669415,1.0,Trend/momentum continuation: cross-sectional rank should select relative winners while market volatility is benign.,loss
closed,KMI,90,104.0,2025-07-02,2025-07-11,9.0,26.0,28.5057,27.834432152557373,-17.452964033508337,0.0,-17.452964033508337,positive_gross,-0.023548548095385428,-0.02090326471167477,qp_sell,True,BULL_CALM,0.5907005666073726,qp_dw=-0.0509,0.15,,0.0,3.0,0.12,0.25,,500.0,BULL_CALM,0.5989476279205108,0.0,0.039523842022264756,0.24879382912338396,,Trend/momentum continuation: cross-sectional rank should select relative winners while market volatility is benign.,loss
closed,BAC,92,120.0,2025-07-02,2025-10-10,100.0,79.0,48.71974108428955,48.64027152557373,-6.278095138549908,0.0,-6.278095138549908,positive_gross,-0.001631157246470832,0.022289811816888216,max_hold,False,CHOPPY,0.5,max_hold days=101,0.08,,0.06,,0.15,0.1,,40.0,BULL_CALM,0.6315337390432753,0.0,0.05104871976571885,0.2555889748669415,1.0,Trend/momentum continuation: cross-sectional rank should select relative winners while market volatility is benign.,loss
closed,WFC,95,98.0,2025-07-03,2025-07-07,4.0,2.0,83.61671847381592,82.32352833862305,-2.586380270385746,0.0,-2.586380270385746,positive_gross,-0.01546568866605101,-0.01546568866605101,qp_sell,True,BULL_CALM,0.6104102662249805,qp_dw=-0.0560,0.15,,0.0,3.0,0.12,0.25,,500.0,BULL_CALM,0.5919552595620273,0.0,0.03705642900995211,0.276775996525301,1.0,Trend/momentum continuation: cross-sectional rank should select relative winners while market volatility is benign.,loss
closed,KMI,94,104.0,2025-07-03,2025-07-11,8.0,154.0,28.41568184738159,27.834432152557373,-89.51245300292976,0.0,-89.51245300292976,positive_gross,-0.02045524362026806,-0.02090326471167477,qp_sell,True,BULL_CALM,0.5907005666073726,qp_dw=-0.0509,0.15,,0.0,3.0,0.12,0.25,,500.0,BULL_CALM,0.5957900135677854,0.0,0.03840941614653044,0.2490172301144552,1.0,Trend/momentum continuation: cross-sectional rank should select relative winners while market volatility is benign.,loss
closed,WFC,95,105.0,2025-07-03,2025-07-11,8.0,63.0,83.61671847381592,82.53349305114746,-68.24320162811314,0.0,-68.24320162811314,positive_gross,-0.012954651204204673,-0.008753888788597987,qp_sell,True,BULL_CALM,0.5907005666073726,qp_dw=-0.0534,0.15,,0.0,3.0,0.12,0.25,,500.0,BULL_CALM,0.5919552595620273,0.0,0.03705642900995211,0.276775996525301,1.0,Trend/momentum continuation: cross-sectional rank should select relative winners while market volatility is benign.,loss
closed,XOM,93,106.0,2025-07-03,2025-07-11,8.0,46.0,112.22243694763183,115.40691430511475,146.48595844421428,27.463698854065115,119.02225959014916,positive_gross,0.02837647661286257,0.01045481277411805,qp_sell,True,BULL_CALM,0.5907005666073726,qp_dw=-0.0539,0.15,,0.0,3.0,0.12,0.25,,500.0,BULL_CALM,0.5866391149978635,0.034785088652863116,0.035181497852350536,0.2733864045878065,,Trend/momentum continuation: cross-sectional rank should select relative winners while market volatility is benign.,win
closed,KMI,94,121.0,2025-07-03,2025-10-10,99.0,140.0,28.41568184738159,27.094580381393435,-184.95420523834198,0.0,-184.95420523834198,positive_gross,-0.04649198541438104,-0.04124241005057583,max_hold,False,CHOPPY,0.5,max_hold days=100,0.08,,0.06,,0.15,0.1,,40.0,BULL_CALM,0.5957900135677854,0.0,0.03840941614653044,0.2490172301144552,1.0,Trend/momentum continuation: cross-sectional rank should select relative winners while market volatility is benign.,loss
closed,WFC,95,122.0,2025-07-03,2025-10-10,99.0,47.0,83.61671847381592,77.60447874603271,-282.5752672058109,0.0,-282.5752672058109,positive_gross,-0.07190236399513703,-0.052964185315748515,max_hold,False,CHOPPY,0.5,max_hold days=100,0.08,,0.06,,0.15,0.1,,40.0,BULL_CALM,0.5919552595620273,0.0,0.03705642900995211,0.276775996525301,1.0,Trend/momentum continuation: cross-sectional rank should select relative winners while market volatility is benign.,loss
closed,XOM,93,123.0,2025-07-03,2025-10-10,99.0,21.0,112.22243694763183,110.70785735626221,-31.80617141876212,0.0,-31.80617141876212,positive_gross,-0.013496227960870225,-0.015563882058453694,max_hold,False,CHOPPY,0.5,max_hold days=99,0.08,,0.06,,0.15,0.1,,40.0,BULL_CALM,0.5866391149978635,0.034785088652863116,0.035181497852350536,0.2733864045878065,,Trend/momentum continuation: cross-sectional rank should select relative winners while market volatility is benign.,loss
closed,BAC,99,120.0,2025-07-08,2025-10-10,94.0,109.0,47.15943152618408,48.64027152557373,161.411559933472,99.69105994262645,61.72049999084555,positive_gross,0.03140071776665613,0.022289811816888216,max_hold,False,CHOPPY,0.5,max_hold days=101,0.08,,0.06,,0.15,0.1,,40.0,BULL_CALM,0.6091184229587656,0.0,0.04311592635188942,0.2555889748669415,1.0,Trend/momentum continuation: cross-sectional rank should select relative winners while market volatility is benign.,win
closed,KMI,100,121.0,2025-07-08,2025-10-10,94.0,175.0,28.135625160598753,27.094580381393435,-182.1828363609307,0.0,-182.1828363609307,positive_gross,-0.03700094713598907,-0.04124241005057583,max_hold,False,CHOPPY,0.5,max_hold days=100,0.08,,0.06,,0.15,0.1,,40.0,BULL_CALM,0.601764143649843,0.0,0.040518178970632625,0.2490172301144552,1.0,Trend/momentum continuation: cross-sectional rank should select relative winners while market volatility is benign.,loss
closed,WFC,101,122.0,2025-07-08,2025-10-10,94.0,60.0,81.6063143371582,77.60447874603271,-240.11013546752906,0.0,-240.11013546752906,positive_gross,-0.04903830817051505,-0.052964185315748515,max_hold,False,CHOPPY,0.5,max_hold days=100,0.08,,0.06,,0.15,0.1,,40.0,BULL_CALM,0.5878014937793594,0.0,0.03559137259929154,0.276775996525301,1.0,Trend/momentum continuation: cross-sectional rank should select relative winners while market volatility is benign.,loss
closed,XOM,102,123.0,2025-07-08,2025-10-10,94.0,55.0,114.21284044189453,110.70785735626221,-192.7740697097775,0.0,-192.7740697097775,positive_gross,-0.03068817019234776,-0.015563882058453694,max_hold,False,CHOPPY,0.5,max_hold days=99,0.08,,0.06,,0.15,0.1,,40.0,BULL_CALM,0.5988643233638643,0.0,0.03949443858366169,0.2703374340158387,1.0,Trend/momentum continuation: cross-sectional rank should select relative winners while market volatility is benign.,loss
closed,MSFT,108,124.0,2025-07-16,2025-10-10,86.0,11.0,505.7211191162109,510.8577994567871,56.50348374633842,28.251741873169067,28.25174187316935,positive_gross,0.010157140262508692,0.010157140262508692,max_hold,False,CHOPPY,0.5,max_hold days=86,0.08,,0.06,,0.15,0.1,,40.0,BULL_CALM,0.5938155942518829,-0.009209335890540515,0.03771271694886678,0.21672223136395358,,Trend/momentum continuation: cross-sectional rank should select relative winners while market volatility is benign.,win
closed,ZM,109,125.0,2025-07-16,2025-10-10,86.0,67.0,74.45489044189453,80.26394277954101,389.206506622314,194.603253311157,194.603253311157,positive_gross,0.0780210984553114,0.0780210984553114,max_hold,False,CHOPPY,0.5,max_hold days=86,0.08,,0.06,,0.15,0.1,,40.0,BULL_CALM,0.5847391489170136,-0.10852275208191864,0.03451158067929079,0.20291990482570413,,Trend/momentum continuation: cross-sectional rank should select relative winners while market volatility is benign.,win
closed,CVS,110,126.0,2025-07-17,2025-10-10,85.0,91.0,63.312659236907955,77.88442152557373,1326.0303682685853,663.0151841342927,663.0151841342927,positive_gross,0.23015558759173396,0.23015558759173396,max_hold,False,CHOPPY,0.5,max_hold days=85,0.08,,0.06,,0.15,0.1,,40.0,BULL_CALM,0.5893667655233777,0.0,0.03614340505712077,0.28339148757388566,,Trend/momentum continuation: cross-sectional rank should select relative winners while market volatility is benign.,win
closed,PM,111,127.0,2025-07-22,2025-10-10,80.0,36.0,165.30305827331543,160.43790722045898,-175.1454379028321,0.0,-175.1454379028321,positive_gross,-0.02943170624715429,-0.02943170624715429,max_hold,False,CHOPPY,0.5,max_hold days=80,0.08,,0.06,,0.15,0.1,,40.0,BULL_CALM,0.5918231845160373,0.0,0.03700983564146442,0.25731632064526605,,Trend/momentum continuation: cross-sectional rank should select relative winners while market volatility is benign.,loss
closed,GS,112,128.0,2025-07-29,2025-10-10,73.0,7.0,732.1263764648437,764.2071133544922,224.56515822753954,112.28257911376977,112.28257911376977,positive_gross,0.04381857821398818,0.04381857821398818,max_hold,False,CHOPPY,0.5,max_hold days=73,0.08,,0.06,,0.15,0.1,,40.0,BULL_CALM,0.5983829976013153,0.02602441125557098,0.0393245483270308,0.2211823014588053,,Trend/momentum continuation: cross-sectional rank should select relative winners while market volatility is benign.,win
closed,UNP,113,129.0,2025-07-30,2025-10-10,72.0,26.0,225.32505477905272,225.40490694885256,2.0761564147957188,1.03807820739803,1.0380782073976889,positive_gross,0.0003543865544740956,0.0003543865544740956,max_hold,False,CHOPPY,0.5,max_hold days=72,0.08,,0.06,,0.15,0.1,,40.0,BULL_CALM,0.5848724487134994,-0.07063899472152979,0.03455857473350277,0.233444747724151,,Trend/momentum continuation: cross-sectional rank should select relative winners while market volatility is benign.,win
closed,NFLX,114,130.0,2025-07-31,2025-10-10,71.0,43.0,115.96319044189453,121.98360163421631,258.8776812698369,129.43884063491805,129.43884063491885,positive_gross,0.051916570847871116,0.05191657084787099,max_hold,False,CHOPPY,0.5,max_hold days=71,0.08,,0.06,,0.15,0.1,,40.0,BULL_CALM,0.5785710883114759,-0.13360409808654106,0.03233739237260616,0.25238205109485085,,Trend/momentum continuation: cross-sectional rank should select relative winners while market volatility is benign.,win
closed,D,116,131.0,2025-08-11,2025-10-10,60.0,137.0,61.50229967880249,60.95780722045899,-74.59546679305926,0.0,-74.59546679305926,positive_gross,-0.00885320485879594,-0.008853204858796055,max_hold,False,CHOPPY,0.5,max_hold days=60,0.08,,0.06,,0.15,0.1,,40.0,BULL_CALM,0.5976793133988355,0.0,0.03907617373533377,0.1937515025257669,,Trend/momentum continuation: cross-sectional rank should select relative winners while market volatility is benign.,loss
closed,CME,117,132.0,2025-08-14,2025-10-10,57.0,19.0,274.75495220947266,271.39572220458984,-63.82537009277354,0.0,-63.82537009277354,positive_gross,-0.012226276461513048,-0.012226276461513048,max_hold,False,CHOPPY,0.5,max_hold days=57,0.08,,0.06,,0.15,0.1,,40.0,BULL_CALM,0.576575254865593,0.0,0.03163403829310253,0.17343788419302494,,Trend/momentum continuation: cross-sectional rank should select relative winners while market volatility is benign.,loss
closed,WMT,118,133.0,2025-08-21,2025-10-10,50.0,52.0,97.97959108428955,101.81962833862305,199.68193722534176,99.84096861267108,99.84096861267068,positive_gross,0.039192215560789605,0.039192215560789605,max_hold,False,CHOPPY,0.5,max_hold days=50,0.08,,0.06,,0.15,0.1,,40.0,BULL_CALM,0.5740684386583109,-0.0013162584966717183,0.030750744025408026,0.19174198820901464,,Trend/momentum continuation: cross-sectional rank should select relative winners while market volatility is benign.,win
closed,TJX,119,163.0,2025-10-09,2026-01-21,104.0,37.0,138.58770955810547,155.81883610229494,637.5516821350102,318.7758410675051,318.7758410675051,positive_gross,0.1243337277102844,0.1243337277102844,max_hold,False,CHOPPY,0.5,max_hold days=104,0.08,,0.06,,0.15,0.1,,40.0,BULL_CALM,0.576621096505057,0.0,0.031650190916195774,0.1553715339428237,,Trend/momentum continuation: cross-sectional rank should select relative winners while market volatility is benign.,win
closed,BAC,134,164.0,2025-10-17,2026-01-21,96.0,98.0,51.29025477905273,52.05958569488526,75.39442975158758,10.650591989136956,64.74383776245062,positive_gross,0.014999553407301965,0.002070790904461809,max_hold,False,CHOPPY,0.5,max_hold days=96,0.08,,0.06,,0.15,0.1,,40.0,BULL_CALM,0.5896515570035424,0.0,0.03624384977982162,0.22278405975260687,,Trend/momentum continuation: cross-sectional rank should select relative winners while market volatility is benign.,win
closed,NFLX,136,142.0,2025-10-20,2025-10-27,7.0,41.0,123.8807740081787,109.43411008148193,-592.3132209945677,0.0,-592.3132209945677,positive_gross,-0.11661748194875657,-0.11661748194875657,stop_loss,False,BULL_VOLATILE,0.5,stop_loss loss=11.6% ≥ 5.0% (abs=5.0% / σN=0.0%),0.05,,0.06,,0.2,0.1,,500.0,BULL_CALM,0.5787903111887366,-0.010447054035247927,0.032414649578767635,0.23003747227323537,,Trend/momentum continuation: cross-sectional rank should select relative winners while market volatility is benign.,loss
closed,GM,135,165.0,2025-10-20,2026-01-21,93.0,90.0,58.0116,80.91381430511474,2061.1992874603266,1030.5996437301633,1030.5996437301633,positive_gross,0.3947868065199846,0.3947868065199846,max_hold,False,CHOPPY,0.5,max_hold days=93,0.08,,0.06,,0.15,0.1,,40.0,BULL_CALM,0.5772828163324187,0.0,0.03188338732020591,0.20973282393624387,,Trend/momentum continuation: cross-sectional rank should select relative winners while market volatility is benign.,win
closed,UNP,137,166.0,2025-10-21,2026-01-21,92.0,23.0,226.58530128479003,229.34412138977052,63.45286241455119,31.72643120727571,31.726431207275482,positive_gross,0.012175635795161253,0.012175635795161253,max_hold,False,CHOPPY,0.5,max_hold days=92,0.08,,0.06,,0.15,0.1,,40.0,BULL_CALM,0.5701746239637859,-0.01833943119181336,0.029378948823068424,0.16731869634186117,,Trend/momentum continuation: cross-sectional rank should select relative winners while market volatility is benign.,win
closed,CVS,138,151.0,2025-10-22,2025-11-12,21.0,63.0,82.02640413665772,80.24395013580322,-112.2946020538335,0.0,-112.2946020538335,positive_gross,-0.021730246737195674,-0.01897356614687461,qp_sell,True,BULL_CALM,0.505668582012085,qp_dw=-0.0529,0.15,,0.0,3.0,0.12,0.25,,500.0,BULL_CALM,0.5767053951948864,0.0,0.031679896040364364,0.22344245540276972,,Trend/momentum continuation: cross-sectional rank should select relative winners while market volatility is benign.,loss
closed,JPM,139,168.0,2025-10-23,2026-01-21,90.0,17.0,294.59891654663085,301.9796005432129,125.47162794189461,62.73581397094722,62.73581397094739,positive_gross,0.025053330416487725,0.025053330416487725,max_hold,False,CHOPPY,0.5,max_hold days=90,0.08,,0.06,,0.15,0.1,,40.0,BULL_CALM,0.5804143650881736,-0.042935674460944706,0.032987041826466695,0.18090115523181283,,Trend/momentum continuation: cross-sectional rank should select relative winners while market volatility is benign.,win
closed,EOG,140,159.0,2025-10-24,2026-01-08,76.0,49.0,106.40127325286865,105.54888569488526,-41.76699034118617,0.0,-41.76699034118617,positive_gross,-0.008011065393528178,-0.007506164795974444,qp_sell,True,BULL_CALM,0.6830877572818134,qp_dw=-0.0515,0.15,,0.0,3.0,0.12,0.25,,500.0,BULL_CALM,0.573636410114788,0.0,0.030598522831475627,0.22116862519173097,,Trend/momentum continuation: cross-sectional rank should select relative winners while market volatility is benign.,loss
closed,WELL,141,170.0,2025-10-24,2026-01-21,89.0,35.0,177.97559044189452,185.96280000000002,279.55233453369215,139.7761672668462,139.77616726684596,positive_gross,0.04487811805132432,0.04487811805132432,trailing_stop,False,CHOPPY,0.5,trailing_stop trail_floor=187.40 (trail_pct=10.0%),0.08,,0.06,,0.15,0.1,,40.0,BULL_CALM,0.5681593208387175,0.0,0.028669039550357944,0.17118265534251004,,Trend/momentum continuation: cross-sectional rank should select relative winners while market volatility is benign.,win
closed,MO,143,171.0,2025-10-30,2026-01-21,83.0,107.0,57.14142706832886,61.06778583068848,420.1203875724793,210.06019378623978,210.0601937862395,positive_gross,0.06871299797368621,0.06871299797368621,max_hold,False,CHOPPY,0.5,max_hold days=83,0.08,,0.06,,0.15,0.1,,40.0,BULL_CALM,0.5786979998977448,0.0,0.03238211778952967,0.234357800325126,,Trend/momentum continuation: cross-sectional rank should select relative winners while market volatility is benign.,win
closed,CVS,144,151.0,2025-10-31,2025-11-12,12.0,4.0,78.16563152618409,80.24395013580322,8.313274438476526,0.0,8.313274438476526,positive_gross,0.026588649884098127,-0.01897356614687461,qp_sell,True,BULL_CALM,0.505668582012085,qp_dw=-0.0529,0.15,,0.0,3.0,0.12,0.25,,500.0,BULL_VOLATILE,0.5946547610893378,0.0,0.03800882112427814,0.2151687429646399,1.0,Risk-managed upside: score must compensate for higher market volatility and faster drawdown risk.,win
closed,CVS,144,167.0,2025-10-31,2026-01-21,82.0,60.0,78.16563152618409,81.47369986419677,198.4841002807613,99.2420501403808,99.24205014038051,positive_gross,0.042321264133899375,0.04232126413389937,max_hold,False,CHOPPY,0.5,max_hold days=91,0.08,,0.06,,0.15,0.1,,40.0,BULL_VOLATILE,0.5946547610893378,0.0,0.03800882112427814,0.2151687429646399,1.0,Risk-managed upside: score must compensate for higher market volatility and faster drawdown risk.,win
closed,ABBV,145,172.0,2025-11-03,2026-01-21,79.0,24.0,212.00239871520995,216.1067638977051,98.50476437988345,49.25238218994127,49.25238218994218,positive_gross,0.019359994072560834,0.019359994072560702,max_hold,False,CHOPPY,0.5,max_hold days=79,0.08,,0.06,,0.15,0.1,,40.0,BULL_CALM,0.5803234554554441,-0.08148519915590446,0.032954998332078766,0.24245342863395414,,Trend/momentum continuation: cross-sectional rank should select relative winners while market volatility is benign.,win
closed,MS,146,173.0,2025-11-04,2026-01-21,78.0,36.0,164.0427965057373,183.28334332275392,692.6596854125984,346.32984270629913,346.32984270629925,positive_gross,0.1172898001427554,0.1172898001427554,max_hold,False,CHOPPY,0.5,max_hold days=78,0.08,,0.06,,0.15,0.1,,40.0,BULL_CALM,0.5746450460966028,0.0,0.030953915699292133,0.21556814532528468,,Trend/momentum continuation: cross-sectional rank should select relative winners while market volatility is benign.,win
closed,PNC,147,155.0,2025-11-07,2025-12-10,33.0,28.0,184.23683694763184,206.92860722045899,635.36956763916,317.68478381957993,317.68478381958005,positive_gross,0.12316630402896646,0.12316630402896644,qp_close,True,BULL_CALM,0.6024638633355073,qp_dw=-0.0578,0.15,,0.0,3.0,0.12,0.25,,500.0,BULL_CALM,0.569976224442682,0.0,0.029309060746192578,0.20544903563235564,,Trend/momentum continuation: cross-sectional rank should select relative winners while market volatility is benign.,win
closed,PNC,147,174.0,2025-11-07,2026-01-21,75.0,1.0,184.23683694763184,225.44490749206543,41.20807054443358,20.60403527221679,20.60403527221679,positive_gross,0.22366900793106168,0.22366900793106168,max_hold,False,CHOPPY,0.5,max_hold days=75,0.08,,0.06,,0.15,0.1,,40.0,BULL_CALM,0.569976224442682,0.0,0.029309060746192578,0.20544903563235564,,Trend/momentum continuation: cross-sectional rank should select relative winners while market volatility is benign.,win
closed,WFC,148,175.0,2025-11-10,2026-01-21,72.0,64.0,86.11721847381591,86.10277874603271,-0.9241425781247017,0.0,-0.9241425781247017,positive_gross,-0.00016767526911692912,-0.00016767526911692912,max_hold,False,CHOPPY,0.5,max_hold days=72,0.08,,0.06,,0.15,0.1,,40.0,BULL_CALM,0.6363581672063467,0.0,0.05275956608825871,0.2580303195844549,,Trend/momentum continuation: cross-sectional rank should select relative winners while market volatility is benign.,loss
closed,XOM,149,176.0,2025-11-10,2026-01-21,72.0,63.0,118.24364522094726,133.58327861022948,966.3969035247803,483.1984517623905,483.1984517623898,positive_gross,0.12972902992477062,0.12972902992477062,max_hold,False,CHOPPY,0.5,max_hold days=72,0.08,,0.06,,0.15,0.1,,40.0,BULL_CALM,0.6292533907242602,0.007318990957517535,0.0502405206866765,0.18139928677302902,,Trend/momentum continuation: cross-sectional rank should select relative winners while market volatility is benign.,win
closed,KMI,150,152.0,2025-11-11,2025-11-17,6.0,225.0,26.94538853416443,27.134571389770507,42.56614251136739,21.283071255683808,21.28307125568358,positive_gross,0.007020973379775531,0.007020973379775531,panel_conviction,False,BULL_VOLATILE,0.5,panel_conviction[xs] panel=-0.326 (thr=+0.060 of 32) mu=-0.0040,0.05,,0.06,,0.2,0.1,,500.0,BULL_CALM,0.6005065159458072,0.0,0.04007415722654801,0.17823094297501804,,Trend/momentum continuation: cross-sectional rank should select relative winners while market volatility is benign.,win
closed,DUK,153,177.0,2025-11-24,2026-01-21,58.0,62.0,122.1144143371582,119.34612874603272,-171.63370664977953,0.0,-171.63370664977953,positive_gross,-0.022669605436441212,-0.022669605436441212,max_hold,False,CHOPPY,0.5,max_hold days=58,0.08,,0.06,,0.15,0.1,,40.0,BULL_CALM,0.6092706007613945,0.0,0.0431697050864873,0.13071783718652621,,Trend/momentum continuation: cross-sectional rank should select relative winners while market volatility is benign.,loss
closed,MSFT,154,178.0,2025-11-26,2026-01-21,56.0,11.0,485.5971,444.0211633544922,-457.33530310058575,0.0,-457.33530310058575,positive_gross,-0.08561817326649561,-0.08561817326649561,stop_loss,False,CHOPPY,0.5,stop_loss loss=8.5% ≥ 8.0% (abs=8.0% / σN=0.0%),0.08,,0.06,,0.15,0.1,,40.0,BULL_CALM,0.5882782689725429,-0.036587000298810346,0.03575949703379718,0.1876559219433095,,Trend/momentum continuation: cross-sectional rank should select relative winners while market volatility is benign.,loss
closed,CME,156,179.0,2025-12-15,2026-01-26,42.0,19.0,272.2344286743164,283.9931777954102,223.41623330078193,111.70811665039082,111.7081166503911,positive_gross,0.04319346813830513,0.04319346813830513,max_hold,False,CHOPPY,0.0,max_hold days=42,0.08,,0.06,,0.15,0.1,,40.0,BULL_CALM,0.5761630976285874,0.0,0.031488811800718164,0.16993914034092678,,Trend/momentum continuation: cross-sectional rank should select relative winners while market volatility is benign.,win
closed,JNJ,157,182.0,2025-12-30,2026-02-09,41.0,28.0,206.9513856628418,238.5922713897705,885.9448003540036,442.9724001770019,442.97240017700176,positive_gross,0.15289042702268718,0.15289042702268715,max_hold,False,CHOPPY,0.5,max_hold days=41,0.08,,0.06,,0.15,0.1,,40.0,BULL_CALM,0.5878386814003397,0.005134465053637127,0.03560448559393774,0.15254467660166202,,Trend/momentum continuation: cross-sectional rank should select relative winners while market volatility is benign.,win
closed,EOG,158,159.0,2026-01-06,2026-01-08,2.0,2.0,105.021,105.54888569488526,1.0557713897705128,0.0,1.0557713897705128,positive_gross,0.005026477512928428,-0.007506164795974444,qp_sell,True,BULL_CALM,0.6830877572818134,qp_dw=-0.0515,0.15,,0.0,3.0,0.12,0.25,,500.0,BULL_CALM,0.5264493811501308,0.0,0.013981610624475723,0.21438451566711297,1.0,Trend/momentum continuation: cross-sectional rank should select relative winners while market volatility is benign.,win
closed,EOG,158,161.0,2026-01-06,2026-01-13,7.0,23.0,105.021,108.01839291534424,68.94003705291742,31.893716784714837,37.04632026820258,positive_gross,0.028540891015551514,0.02424877708673699,qp_sell,True,BULL_CALM,0.6663500451173042,qp_dw=-0.0514,0.15,,0.0,3.0,0.12,0.25,,500.0,BULL_CALM,0.5264493811501308,0.0,0.013981610624475723,0.21438451566711297,1.0,Trend/momentum continuation: cross-sectional rank should select relative winners while market volatility is benign.,win
closed,EOG,160,161.0,2026-01-12,2026-01-13,1.0,26.0,105.46109044189453,108.01839291534424,66.48986430969245,30.760193814803145,35.729670494889305,positive_gross,0.02424877708673699,0.02424877708673699,qp_sell,True,BULL_CALM,0.6663500451173042,qp_dw=-0.0514,0.15,,0.0,3.0,0.12,0.25,,500.0,BULL_CALM,0.5209744992378624,0.0,0.012053114694335915,0.21438451566711297,1.0,Trend/momentum continuation: cross-sectional rank should select relative winners while market volatility is benign.,win
closed,EOG,160,169.0,2026-01-12,2026-01-21,9.0,25.0,105.46109044189453,108.02839305114746,64.18256523132335,37.15232269744865,27.0302425338747,positive_gross,0.02434360007558836,0.028291387001412104,max_hold,False,CHOPPY,0.5,max_hold days=89,0.08,,0.06,,0.15,0.1,,40.0,BULL_CALM,0.5209744992378624,0.0,0.012053114694335915,0.21438451566711297,1.0,Trend/momentum continuation: cross-sectional rank should select relative winners while market volatility is benign.,win
closed,BAC,162,164.0,2026-01-15,2026-01-21,6.0,100.0,52.600518152618406,52.05958569488526,-54.09324577331489,0.0,-54.09324577331489,positive_gross,-0.01028378572552563,0.002070790904461809,max_hold,False,CHOPPY,0.5,max_hold days=96,0.08,,0.06,,0.15,0.1,,40.0,BULL_CALM,0.6060438894351414,0.0,0.04202964968364591,0.22456133337554518,1.0,Trend/momentum continuation: cross-sectional rank should select relative winners while market volatility is benign.,loss
open,TJX,180,,2026-01-27,,,34.0,148.0395965057373,153.2899932861328,178.51349053344717,0.0,178.51349053344717,,0.03546616516339954,,open,False,,,,,,,,,,,,BULL_CALM,0.5959358161111806,0.0,0.03846086529482537,0.16257195645335068,,Trend/momentum continuation: cross-sectional rank should select relative winners while market volatility is benign.,win
open,XOM,181,,2026-01-29,,,36.0,140.53809650573731,151.58999633789062,397.8683939575192,0.0,397.8683939575192,,0.07863988560356037,,open,False,,,,,,,,,,,,BULL_CALM,0.5896675218793322,0.03789257663460055,0.03624948052242931,0.21861118888307346,,Trend/momentum continuation: cross-sectional rank should select relative winners while market volatility is benign.,win
