cut,ticker,entry_date,exit_date,hold_days,entry_regime,exit_regime,exit_reason,entry_source_job,exit_source_job,shares,entry_price,exit_price,gross_pnl,tax,net_pnl_after_tax,spy_same_capital_pnl,active_net_after_tax,pnl_pct,entry_rank_score,entry_rank_score_quintile,entry_mu,entry_mu_quintile,entry_panel_score,entry_panel_score_quintile,entry_sigma,entry_sigma_quintile,entry_expected_return,entry_expected_return_horizon_days,entry_mu_horizon_days,failure_mode
2024-07-01_to_2025-06-30,LRCX,2024-08-23,2024-11-15,84.0,BULL_CALM,BULL_CALM,stop_loss,JointPortfolioQPJob,TickerSellJob,97.0,84.75394691162109,70.03599305114746,-1427.641524465942,0.0,-1427.641524465942,345.4416524613774,-1773.0831769273193,-0.1736550850643106,0.620932362059781,Q4,0.0442063199130521,Q3,0.2096184939146042,Q3,0.5542645928461223,Q5,0.0442063199130521,60,60,under_spy+net_loss+path_risk_exit+high_sigma_loser
2024-01-02_to_2024-12-31,LRCX,2024-08-23,2024-11-15,84.0,BULL_CALM,BULL_CALM,stop_loss,JointPortfolioQPJob,TickerSellJob,83.0,84.75394691162109,70.03599305114746,-1221.590170419311,0.0,-1221.590170419311,295.5840943741682,-1517.1742647934793,-0.1736550850643106,0.620932362059781,Q4,0.0442063199130521,Q3,0.2096184939146042,Q3,0.5542645928461223,Q5,0.0442063199130521,60,60,under_spy+net_loss+path_risk_exit+high_sigma_loser
2024-01-02_to_2024-12-31,BA,2024-01-08,2024-03-11,63.0,BULL_CALM,BULL_VOLATILE,stop_loss,JointPortfolioQPJob,TickerSellJob,23.0,229.0458,192.45150749206545,-841.6687276824944,0.0,-841.6687276824944,407.1474033767261,-1248.8161310592204,-0.1597684502747247,0.6305558811365565,Q5,0.0514933259078319,Q5,0.2176043689250946,Q4,0.3107501069931043,Q1,0.0514933259078319,60,60,under_spy+net_loss+path_risk_exit+top_rank_loser
2025-04-01_to_2026-03-28,COIN,2025-12-31,2026-02-02,33.0,BULL_CALM,BULL_CALM,trailing_stop,JointPortfolioQPJob,TickerSellJob,26.0,226.18522738952635,187.8224286102295,-997.4327682617186,0.0,-997.4327682617186,116.3364488692676,-1113.7692171309861,-0.1696078882871962,0.6081544380313054,Q2,0.0409443256638365,Q1,0.1853248178958892,Q1,0.591441277924731,Q5,0.0409443256638365,60,60,under_spy+net_loss+high_sigma_loser
2024-07-01_to_2025-06-30,SOFI,2025-01-17,2025-02-25,39.0,BULL_CALM,BULL_CALM,stop_loss,JointPortfolioQPJob,TickerSellJob,380.0,16.5033,13.917216076278686,-982.711891014099,0.0,-982.711891014099,-35.05163522614329,-947.6602557879557,-0.1567010188096509,0.6033521424802669,Q1,0.0411803438772177,Q2,0.1949458122253418,Q2,0.5756237250109352,Q5,0.0411803438772177,60,60,under_spy+net_loss+path_risk_exit+high_sigma_loser
2025-04-01_to_2026-03-28,RBLX,2025-12-08,2025-12-19,11.0,BULL_CALM,BULL_CALM,stop_loss,JointPortfolioQPJob,TickerSellJob,59.0,97.65952738952636,81.92361444091797,-928.4188639678948,0.0,-928.4188639678948,-25.622172963390728,-902.796691004504,-0.1611303409839766,0.626035309990425,Q5,0.0461864634806596,Q4,0.259218156337738,Q5,0.5151763376421495,Q4,0.0461864634806596,60,60,under_spy+net_loss+path_risk_exit+top_rank_loser+top_panel_loser
2025-04-01_to_2026-03-28,ORCL,2025-12-05,2025-12-15,10.0,BULL_CALM,BULL_CALM,stop_loss,JointPortfolioQPJob,TickerSellJob,25.0,217.62351783142088,184.8830141693115,-818.5125915527337,0.0,-818.5125915527337,-39.35515416468531,-779.1574373880484,-0.1504456135456432,0.6394979236106735,Q5,0.0507004674620108,Q5,0.3147993981838226,Q5,0.4877718674099985,Q3,0.0507004674620108,60,60,under_spy+net_loss+path_risk_exit+top_rank_loser+top_panel_loser
2025-04-01_to_2026-03-28,SOFI,2026-03-02,2026-03-27,25.0,BULL_CALM,BULL_VOLATILE,stop_loss,JointPortfolioQPJob,TickerSellJob,349.0,18.393677389526367,15.22695354232788,-1105.1866226722718,0.0,-1105.1866226722718,-489.04387935936995,-616.1427433129019,-0.1721637158321405,0.6271591595382998,Q5,0.0499697625694756,Q5,0.2788856327533722,Q5,0.5149266781850266,Q4,0.0499697625694756,60,60,under_spy+net_loss+path_risk_exit+top_rank_loser+top_panel_loser
2024-07-01_to_2025-06-30,NVDA,2024-07-31,2024-08-07,7.0,BULL_CALM,BEAR,stop_loss,JointPortfolioQPJob,TickerSellJob,51.0,117.043400642395,98.89022166137696,-925.812128031921,0.0,-925.812128031921,-348.414804463744,-577.397323568177,-0.1550978430341563,0.6322433094159909,Q5,0.0496656301174748,Q5,0.239542469382286,Q5,0.5941231278458295,Q5,0.0496656301174748,60,60,under_spy+net_loss+path_risk_exit+top_rank_loser+top_panel_loser+high_sigma_loser
2025-04-01_to_2026-03-28,DELL,2025-12-18,2026-02-12,56.0,BULL_CALM,CHOPPY,single_day_loss,JointPortfolioQPJob,TickerSellJob,52.0,122.96459044189452,112.79743569488524,-528.6920468444824,0.0,-528.6920468444824,45.37122905422577,-574.0632758987082,-0.0826835978591222,0.6144356057452661,Q3,0.0430816505432429,Q3,0.2107536345720291,Q4,0.5172340504903153,Q4,0.0430816505432429,60,60,under_spy+net_loss+path_risk_exit
2024-01-02_to_2024-12-31,LRCX,2024-06-20,2024-07-17,27.0,BULL_CALM,CHOPPY,single_day_loss,JointPortfolioQPJob,TickerSellJob,49.0,106.15222290344238,96.74864414215088,-460.77535930328344,0.0,-460.77535930328344,94.52013598944266,-555.2954952927261,-0.0885857922150639,0.606240257053709,Q1,0.0415859287247219,Q2,0.1635386198759079,Q1,0.3366450048293486,Q1,0.0415859287247219,60,60,under_spy+net_loss+path_risk_exit
2024-07-01_to_2025-06-30,SOFI,2024-12-16,2024-12-18,2.0,BULL_CALM,CHOPPY,single_day_loss,JointPortfolioQPJob,TickerSellJob,333.0,16.883375160598753,15.23695177116394,-548.2589886817924,0.0,-548.2589886817924,-190.03328680917465,-358.2257018726177,-0.0975174320166219,0.6083828500597595,Q2,0.0410210711853373,Q1,0.1859963238239288,Q1,0.5243251495292535,Q4,0.0410210711853373,60,60,under_spy+net_loss+path_risk_exit
2025-04-01_to_2026-03-28,HD,2025-05-27,2025-07-28,62.0,BULL_CALM,BULL_CALM,qp_close,JointPortfolioQPJob,JointPortfolioQPJob,14.0,370.4740738952637,377.1545649841309,93.5268752441408,46.7634376220704,46.7634376220704,401.75249266462737,-354.98905504255697,0.0180322769111121,0.6086545603507234,Q2,0.0404775936445861,Q1,0.1935867667198181,Q2,0.2898635081628939,Q1,0.0404775936445861,60,60,under_spy
2025-04-01_to_2026-03-28,LRCX,2025-10-08,2025-10-10,2.0,BULL_CALM,CHOPPY,single_day_loss,JointPortfolioQPJob,TickerSellJob,43.0,142.56850128479005,131.34372111816407,-482.665547164917,0.0,-482.665547164917,-182.97223982474742,-299.69330734016955,-0.0787325395544681,0.6290690671255282,Q5,0.0483915572863336,Q5,0.2765873074531555,Q5,0.4047637937232147,Q2,0.0483915572863336,60,60,under_spy+net_loss+path_risk_exit+top_rank_loser+top_panel_loser
2025-04-01_to_2026-03-28,MMM,2025-08-05,2025-10-06,62.0,BULL_CALM,BULL_CALM,qp_close,JointPortfolioQPJob,JointPortfolioQPJob,35.0,150.1200143371582,155.89880667724609,202.25773190307564,101.12886595153782,101.12886595153782,365.1343178204331,-264.0054518688953,0.038494483001508,0.60311035332194,Q1,0.0408215797436256,Q1,0.1745917052030563,Q1,0.2586565411126276,Q1,0.0408215797436256,60,60,under_spy
2024-01-02_to_2024-12-31,MRVL,2024-12-05,2024-12-18,13.0,BULL_CALM,CHOPPY,single_day_loss,JointPortfolioQPJob,TickerSellJob,57.0,113.39267674713136,105.25894277954102,-463.62283615264886,0.0,-463.62283615264886,-217.12883619669833,-246.49399995595053,-0.0717306813889645,0.6091740113270263,Q2,0.0412803145351827,Q2,0.1893589943647384,Q2,0.5966019488625864,Q5,0.0412803145351827,60,60,under_spy+net_loss+path_risk_exit+high_sigma_loser
2025-04-01_to_2026-03-28,NVDA,2025-07-28,2025-09-26,60.0,BULL_CALM,BULL_CALM,qp_close,JointPortfolioQPJob,JointPortfolioQPJob,30.0,176.78535,178.15436444091796,41.07043322753896,20.53521661376948,20.53521661376948,207.16646878907608,-186.6312521753066,0.0077439360270405,0.6076405908842302,Q1,0.0423822725099938,Q2,0.1935604214668274,Q2,0.3023107984609065,Q1,0.0423822725099938,60,60,under_spy
2025-04-01_to_2026-03-28,AMAT,2026-03-02,2026-03-26,24.0,BULL_CALM,BULL_VOLATILE,single_day_loss,JointPortfolioQPJob,TickerSellJob,15.0,372.2544286743164,338.48227779541014,-506.5822631835937,0.0,-506.5822631835937,-335.90089464730573,-170.68136853628795,-0.0907233017997304,0.613982143763819,Q3,0.0452582295554359,Q4,0.2227551490068435,Q4,0.4777968879034429,Q3,0.0452582295554359,60,60,under_spy+net_loss+path_risk_exit
2025-04-01_to_2026-03-28,PM,2025-10-07,2025-12-12,66.0,BULL_CALM,BULL_CALM,qp_close,JointPortfolioQPJob,JointPortfolioQPJob,34.0,154.58091305236815,153.61926389770508,-32.696071258545146,0.0,-32.696071258545146,99.2837916468055,-131.97986290535064,-0.0062210083746711,0.6098772806624628,Q2,0.0418978359480532,Q2,0.1958856284618377,Q2,0.2754986901873242,Q1,0.0418978359480532,60,60,under_spy+net_loss
2024-01-02_to_2024-12-31,CRWD,2024-01-11,2024-03-21,70.0,BULL_CALM,BULL_CALM,qp_close,JointPortfolioQPJob,JointPortfolioQPJob,19.0,284.5768930114746,329.3940994567871,851.5269224609372,425.7634612304686,425.7634612304686,520.4349536515884,-94.67149242111986,0.1574871591682792,0.6362623692764683,Q5,0.0534207788876749,Q5,0.2387418895959854,Q5,0.3474320498749014,Q2,0.0534207788876749,60,60,under_spy+top_rank_loser+top_panel_loser
2024-01-02_to_2024-12-31,MPWR,2024-01-02,2024-03-15,73.0,BULL_CALM,BULL_VOLATILE,trailing_stop,JointPortfolioQPJob,TickerSellJob,8.0,604.1208,686.8525922363282,661.8543378906252,330.9271689453126,330.9271689453126,380.17488135978004,-49.24771241446746,0.1369457767988259,0.6249612052164921,Q4,0.046104907285623,Q4,0.216259628534317,Q4,0.4292598605938458,Q3,0.046104907285623,60,60,under_spy
2024-01-02_to_2024-12-31,CRWD,2024-01-11,2024-04-15,95.0,BULL_CALM,CHOPPY,trailing_stop,JointPortfolioQPJob,TickerSellJob,1.0,284.5768930114746,299.44010000000003,14.863206988525404,7.431603494262703,7.431603494262703,16.787262156147,-9.355658661884299,0.0522291421177547,0.6362623692764683,Q5,0.0534207788876749,Q5,0.2387418895959854,Q5,0.3474320498749014,Q2,0.0534207788876749,60,60,under_spy+top_rank_loser+top_panel_loser
2025-04-01_to_2026-03-28,WDC,2025-09-29,2025-10-13,14.0,BULL_CALM,BEAR,trailing_stop,JointPortfolioQPJob,TickerSellJob,50.0,116.76334586334228,118.8362286102295,103.64413734436084,51.82206867218042,51.82206867218042,-5.6299913043801775,57.4520599765606,0.0177528549868148,0.6140682924677809,Q3,0.0433136754926312,Q3,0.2133738249540329,Q4,0.4045904187523297,Q2,0.0433136754926312,60,60,ok
2024-01-02_to_2024-12-31,SOFI,2024-11-21,2024-12-18,27.0,BULL_CALM,CHOPPY,single_day_loss,JointPortfolioQPJob,TickerSellJob,372.0,15.013002228927611,15.23695177116394,83.30922971191468,41.65461485595734,41.65461485595734,-69.51957534206508,111.17419019802242,0.0149170391652121,0.6057297976280867,Q1,0.0409128516917736,Q1,0.1521734446287155,Q1,0.5427043349531678,Q5,0.0409128516917736,60,60,path_risk_exit
2025-04-01_to_2026-03-28,ANET,2025-12-09,2026-02-12,65.0,BULL_CALM,CHOPPY,trailing_stop,JointPortfolioQPJob,TickerSellJob,48.0,130.06600128479005,135.09297111816406,241.29455200195252,120.64727600097626,120.64727600097626,-16.177893986831467,136.82516998780773,0.0386493763452222,0.6110840948848582,Q2,0.0411915940162393,Q2,0.1984171122312545,Q3,0.4386416638216736,Q3,0.0411915940162393,60,60,ok
2024-01-02_to_2024-12-31,ANET,2024-06-06,2024-07-17,41.0,BULL_CALM,CHOPPY,single_day_loss,JointPortfolioQPJob,TickerSellJob,78.0,74.1573303314209,84.15316416931152,779.675039355469,389.8375196777345,389.8375196777345,241.03869913113144,148.79882054660308,0.1347922557785947,0.6189447817163792,Q3,0.0469246231632579,Q5,0.1973058879375457,Q3,0.4283824010615888,Q2,0.0469246231632579,60,60,path_risk_exit
2025-04-01_to_2026-03-28,SOFI,2025-07-25,2025-10-10,77.0,BULL_CALM,CHOPPY,trailing_stop,JointPortfolioQPJob,TickerSellJob,113.0,21.20424076309204,26.184762533950806,562.7989601070404,281.3994800535202,281.3994800535202,59.87394085918652,221.5255391943337,0.2348832870982972,0.6143686180561717,Q3,0.0447020104114332,Q3,0.2218815684318542,Q4,0.4472908313682026,Q3,0.0447020104114332,60,60,ok
2024-07-01_to_2025-06-30,DELL,2025-01-27,2025-02-27,31.0,BULL_CALM,BEAR,trailing_stop,JointPortfolioQPJob,TickerSellJob,52.0,103.8607643371582,107.80843583068848,205.27891766357453,102.63945883178728,102.63945883178728,-129.0336849398776,231.67314377166485,0.0380092667209259,0.6020514043592988,Q1,0.0407393736550811,Q1,0.1892273426055908,Q2,0.5016028529094564,Q4,0.0407393736550811,60,60,ok
2024-01-02_to_2024-12-31,BMY,2024-06-10,2024-08-05,56.0,BULL_CALM,BEAR,trailing_stop,JointPortfolioQPJob,TickerSellJob,123.0,42.57851369476318,47.58048215255737,615.2421203086856,307.6210601543428,307.6210601543428,-178.72357822721722,486.34463838156,0.1174763518908222,0.615238248356557,Q3,0.0456674914511424,Q4,0.1823414117097854,Q1,0.255040686378283,Q1,0.0456674914511424,60,60,ok
2025-04-01_to_2026-03-28,SOFI,2025-07-25,2025-09-23,60.0,BULL_CALM,BULL_CALM,qp_sell,JointPortfolioQPJob,JointPortfolioQPJob,184.0,21.20424076309204,29.084182152557375,1449.9092156616214,724.9546078308107,724.9546078308107,159.8971064651126,565.057501365698,0.3716210109810253,0.6143686180561717,Q3,0.0447020104114332,Q3,0.2218815684318542,Q4,0.4472908313682026,Q3,0.0447020104114332,60,60,ok
2024-01-02_to_2024-12-31,HPE,2024-09-10,2024-11-20,71.0,BULL_CALM,BULL_CALM,qp_close,JointPortfolioQPJob,JointPortfolioQPJob,434.0,16.10322038154602,21.175764305114747,2201.4840628288275,1100.7420314144138,1100.7420314144138,531.173882598715,569.5681488156988,0.3150018321417102,0.6197100069037426,Q3,0.0438116538721525,Q3,0.2048238068819046,Q3,0.3871644793577734,Q2,0.0438116538721525,60,60,ok
2025-04-01_to_2026-03-28,MO,2025-12-29,2026-02-27,60.0,BULL_CALM,BULL_CALM,qp_close,JointPortfolioQPJob,JointPortfolioQPJob,101.0,57.63152293167114,69.02619291534424,1150.8616683509829,575.4308341754914,575.4308341754914,-15.739729616669921,591.1705637921614,0.1977159270488618,0.6073400429478999,Q1,0.0406673756551137,Q1,0.1820377558469772,Q1,0.2226065361616552,Q1,0.0406673756551137,60,60,ok
2024-07-01_to_2025-06-30,HPE,2024-09-10,2024-12-10,91.0,BULL_CALM,BULL_CALM,qp_close,JointPortfolioQPJob,JointPortfolioQPJob,486.0,16.10322038154602,21.91561607627869,2824.8243076400768,1412.4121538200384,1412.4121538200384,770.2240760502394,642.188077769799,0.3609461683449083,0.6197100069037426,Q3,0.0438116538721525,Q3,0.2048238068819046,Q3,0.3871644793577734,Q2,0.0438116538721525,60,60,ok
2024-07-01_to_2025-06-30,INTC,2024-12-16,2025-02-20,66.0,BULL_CALM,BULL_CALM,qp_close,JointPortfolioQPJob,JointPortfolioQPJob,278.0,20.834165923690794,26.084782152557377,1459.671311624909,729.8356558124545,729.8356558124545,34.26732571770339,695.5683300947511,0.2520195071930399,0.6096912488190737,Q2,0.0414498058535956,Q2,0.1915577352046966,Q2,0.4424587839840991,Q3,0.0414498058535956,60,60,ok
2025-04-01_to_2026-03-28,MU,2025-09-30,2025-11-19,50.0,BULL_CALM,BULL_VOLATILE,trailing_stop,JointPortfolioQPJob,TickerSellJob,36.0,167.3534713256836,225.87481416931152,2106.7683423706058,1053.3841711853029,1053.3841711853029,-32.104987130445494,1085.4891583157485,0.3496870568626605,0.6223311110056102,Q4,0.0461087300933369,Q4,0.2480750977993011,Q5,0.4590048150703053,Q3,0.0461087300933369,60,60,ok
2024-07-01_to_2025-06-30,PLTR,2024-07-26,2024-12-10,137.0,BULL_CALM,BULL_CALM,qp_sell,JointPortfolioQPJob,JointPortfolioQPJob,79.0,27.185436305236816,70.87582138977051,3451.5404216781612,1725.7702108390806,1725.7702108390806,230.21231161811247,1495.5578992209682,1.6071246602033558,0.6197645414496,Q4,0.0463070720243306,Q4,0.2047248780727386,Q3,0.5347531410790918,Q4,0.0463070720243306,60,60,ok
2024-01-02_to_2024-12-31,PLTR,2024-08-27,2024-11-20,85.0,BULL_CALM,BULL_CALM,qp_sell,JointPortfolioQPJob,JointPortfolioQPJob,108.0,30.846168152618407,62.10757493209839,3376.2319321838377,1688.1159660919188,1688.1159660919188,171.68303304506514,1516.4329330468536,1.0134615951260812,0.6081173959745906,Q1,0.0400744353833547,Q1,0.1596128344535827,Q1,0.5220282682435957,Q4,0.0400744353833547,60,60,ok
2024-07-01_to_2025-06-30,PLTR,2024-07-26,2024-12-26,153.0,BULL_CALM,BULL_CALM,qp_close,JointPortfolioQPJob,JointPortfolioQPJob,109.0,27.185436305236816,82.1235713897705,5988.256724214171,2994.1283621070856,2994.1283621070856,309.6886086560319,2684.4397534510535,2.0208664105181486,0.6197645414496,Q4,0.0463070720243306,Q4,0.2047248780727386,Q3,0.5347531410790918,Q4,0.0463070720243306,60,60,ok
